Workbook

Sheet Products
A1: ProductID | B1: Product | C1: Price
A2: 101 | B2: Product A | C2: 120
A3: 102 | B3: Product B | C3: 150
A4: 103 | B4: Product C | C4: 200
A5: 104 | B5: Product D | C5: 90
A6: 105 | B6: Product E | C6: 220
A7: 106 | B7: Product F | C7: 130

Sheet Orders
A1: OrderID | B1: ProductID | C1: Quantity | D1: ProductName | E1: UnitPrice | F1: TotalPrice | G1: DiscountedPrice | H1: Exists?
A2: 1 | B2: 101 | C2: 2 | D2: =VLOOKUP(B2,Products!A2:C7,2,FALSE) -> Product A | E2: =VLOOKUP(B2,Products!A2:C7,3,FALSE) -> 120 | F2: =C2*E2 -> 240 | G2: =E2-(E2*10%) -> 108 | H2: =IF(ISNA(VLOOKUP(B2,Products!$A$2:$C$7,1,FALSE)),"Not Found","Exists") -> Exists
A3: 2 | B3: 103 | C3: 1 | D3: =VLOOKUP(B3,Products!A3:C8,2,FALSE) -> Product C | E3: =VLOOKUP(B3,Products!A3:C8,3,FALSE) -> 200 | F3: =C3*E3 -> 200 | G3: =E3-(E3*10%) -> 180 | H3: =IF(ISNA(VLOOKUP(B3,Products!$A$2:$C$7,1,FALSE)),"Not Found","Exists") -> Exists
A4: 3 | B4: 105 | C4: 4 | D4: =VLOOKUP(B4,Products!A4:C9,2,FALSE) -> Product E | E4: =VLOOKUP(B4,Products!A4:C9,3,FALSE) -> 220 | F4: =C4*E4 -> 880 | G4: =E4-(E4*10%) -> 198 | H4: =IF(ISNA(VLOOKUP(B4,Products!$A$2:$C$7,1,FALSE)),"Not Found","Exists") -> Exists
A5: 4 | B5: 106 | C5: 3 | D5: =VLOOKUP(B5,Products!A5:C10,2,FALSE) -> Product F | E5: =VLOOKUP(B5,Products!A5:C10,3,FALSE) -> 130 | F5: =C5*E5 -> 390 | G5: =E5-(E5*10%) -> 117 | H5: =IF(ISNA(VLOOKUP(B5,Products!$A$2:$C$7,1,FALSE)),"Not Found","Exists") -> Exists
A6: 5 | B6: 102 | C6: 5 | D6: =VLOOKUP(B6,Products!A2:C7,2,FALSE) -> Product B | E6: =VLOOKUP(B6,Products!A2:C7,3,FALSE) -> 150 | F6: =C6*E6 -> 750 | G6: =E6-(E6*10%) -> 135 | H6: =IF(ISNA(VLOOKUP(B6,Products!$A$2:$C$7,1,FALSE)),"Not Found","Exists") -> Exists
A7: 6 | B7: 104 | C7: 6 | D7: =VLOOKUP(B7,Products!A2:C7,2,FALSE) -> Product D | E7: =VLOOKUP(B7,Products!A2:C7,3,0) -> 90 | F7: =C7*E7 -> 540 | G7: =E7-(E7*10%) -> 81 | H7: =IF(ISNA(VLOOKUP(B7,Products!$A$2:$C$7,1,FALSE)),"Not Found","Exists") -> Exists
A10: 1. Use VLOOKUP to find the product names for each ProductID in the Orders worksheet.
A11: 2. Use VLOOKUP to find the price for each ProductID in the Orders worksheet, then calculate the TotalPrice by multiplying the Quantity by the Product Price.
A12: 3. Use VLOOKUP to check if there are any ProductIDs in the Orders worksheet that do not exist in the Products worksheet.
A13: 4. Assume a discount of 10% is given on all products. Use VLOOKUP to find the original price and then calculate the discounted price.
A14: 5. Use VLOOKUP to find the price for each ProductID and then calculate the order value. Find the maximum order value from the list.
A15: 6. Use VLOOKUP to find out which products from the Products worksheet have not been ordered.
A16: 7. Use VLOOKUP to find the Product name and summarize the total quantity sold for each product.

Sheet Analysis
A1: Task | B1: Result
A2: Maximum order value | B2: =MAX(Orders!F2:F7) -> 880
A3: product not ordered | B3: none,all product has been ordered

Sheet Product Summary
A1: product id | B1: product name | C1: total quantity sold
A2: =Products!A2 -> 101 | B2: =Products!B2 -> Product A | C2: =SUMIF(Orders!B2:B7,Products!A2,Orders!C2:C7) -> 2
A3: =Products!A3 -> 102 | B3: =Products!B3 -> Product B | C3: =SUMIF(Orders!B3:B8,Products!A3,Orders!C3:C8) -> 5
A4: =Products!A4 -> 103 | B4: =Products!B4 -> Product C | C4: =SUMIF(Orders!B4:B9,Products!A4,Orders!C4:C9) -> 0
A5: =Products!A5 -> 104 | B5: =Products!B5 -> Product D | C5: =SUMIF(Orders!B5:B10,Products!A5,Orders!C5:C10) -> 6
A6: =Products!A6 -> 105 | B6: =Products!B6 -> Product E | C6: =SUMIF(Orders!B6:B11,Products!A6,Orders!C6:C11) -> 0
A7: =Products!A7 -> 106 | B7: =Products!B7 -> Product F | C7: =SUMIF(Orders!B7:B12,Products!A7,Orders!C7:C12) -> 0
